,model_name,weighted_test_f1_score
0,nb,0.798434797874418
1,svm,0.8052642821621887
2,voting,0.8153248680815536
