,model_name,weighted_test_f1_score
0,nb,0.5456410256410256
1,svm,0.6563636363636364
2,enhanced_svm,0.6563636363636364
