,related,request
0,0.417910447761194,0.6736842105263159
1,0.9099307159353349,0.8
micro avg,0.844,0.752
macro avg,0.6639205818482645,0.736842105263158
weighted avg,0.8390797973182587,0.7464421052631579
