,related,request,offer,aid_related,medical_help,medical_products,search_and_rescue,security,military,child_alone,water,food,shelter,clothing,money,missing_people,refugees,death,other_aid,infrastructure_related,transport,buildings,electricity,tools,hospitals,shops,aid_centers,other_infrastructure,weather_related,floods,storm,fire,earthquake,cold,other_weather,direct_report
0,0.0,0.6363636363636365,1.0,0.47058823529411764,0.888888888888889,0.9787234042553191,1.0,0.9795918367346939,0.9795918367346939,1.0,0.9230769230769231,0.7647058823529413,0.9583333333333334,1.0,1.0,1.0,1.0,0.9795918367346939,0.8095238095238096,0.9583333333333334,0.9583333333333334,0.9583333333333334,1.0,1.0,0.9795918367346939,1.0,1.0,0.9795918367346939,0.9361702127659575,0.9583333333333334,1.0,1.0,0.9795918367346939,1.0,1.0,0.7199999999999999
1,0.9130434782608695,0.7142857142857142,,0.7272727272727272,0.0,0.6666666666666666,,0.0,0.0,,0.7272727272727272,0.5,0.0,,,,,0.0,0.0,0.0,0.0,0.0,,,0.0,,,0.0,0.0,0.0,,,0.0,,,0.7199999999999999
micro avg,0.8399999999999999,0.68,1.0,0.64,0.8000000000000002,0.96,1.0,0.96,0.96,1.0,0.88,0.68,0.92,1.0,1.0,1.0,1.0,0.96,0.68,0.92,0.92,0.92,1.0,1.0,0.96,1.0,1.0,0.96,0.88,0.92,1.0,1.0,0.96,1.0,1.0,0.72
macro avg,0.45652173913043476,0.6753246753246753,1.0,0.5989304812834224,0.4444444444444445,0.8226950354609929,1.0,0.4897959183673469,0.4897959183673469,1.0,0.8251748251748252,0.6323529411764707,0.4791666666666667,1.0,1.0,1.0,1.0,0.4897959183673469,0.4047619047619048,0.4791666666666667,0.4791666666666667,0.4791666666666667,1.0,1.0,0.4897959183673469,1.0,1.0,0.4897959183673469,0.46808510638297873,0.4791666666666667,1.0,1.0,0.4897959183673469,1.0,1.0,0.7199999999999999
weighted avg,0.84,0.6831168831168831,1.0,0.6348663101604278,0.8177777777777778,0.953758865248227,1.0,0.9404081632653061,0.9404081632653061,1.0,0.883916083916084,0.7011764705882354,0.8816666666666667,1.0,1.0,1.0,1.0,0.9404081632653061,0.582857142857143,0.8816666666666667,0.8816666666666667,0.8816666666666667,1.0,1.0,0.9404081632653061,1.0,1.0,0.9404081632653061,0.8238297872340425,0.8816666666666667,1.0,1.0,0.9404081632653061,1.0,1.0,0.7199999999999999
