,related,request
0,0.47058823529411764,0.6057142857142856
1,0.9166666666666666,0.7876923076923077
micro avg,0.856,0.724
macro avg,0.6936274509803921,0.6967032967032967
weighted avg,0.8363725490196079,0.7090778021978021
