,related,request
0,0.0,0.6363636363636365
1,0.9130434782608695,0.7142857142857142
micro avg,0.8399999999999999,0.68
macro avg,0.45652173913043476,0.6753246753246753
weighted avg,0.84,0.6768831168831169
